Ingredient,CostPrice,SellingPrice,expiry_date,restock_date,CurrentStock,Status
Coffee Beans Arabica,120.0,200,2025-08-10,2025-07-10,34,Low Stock
Chocolate Syrup,40.0,70,2025-08-12,2025-07-12,18,Low Stock
Espresso Capsules,35.0,60,2025-07-30,2025-07-16,15,Low Stock
Vanilla Extract,90.0,140,2025-08-15,2025-07-13,42,Low Stock
Caramel Sauce,55.0,90,2025-08-20,2025-07-16,25,Low Stock
Whipped Cream,20.0,35,2025-07-26,2025-07-12,32,Low Stock
Green Tea Leaves,40.0,60,2025-08-12,2025-07-11,45,Low Stock
Cinnamon Powder,15.0,25,2025-08-18,2025-07-10,20,Low Stock
Nutmeg Powder,18.0,30,2025-08-22,2025-07-12,12,Low Stock
Hazelnut Syrup,50.0,85,2025-08-25,2025-07-14,22,Low Stock
Strawberry Syrup,45.0,75,2025-08-28,2025-07-13,26,Low Stock
Mocha Mix,65.0,100,2025-08-27,2025-07-15,33,Low Stock
Oat Milk,30.0,50,2025-07-28,2025-07-16,40,Low Stock
Soy Milk,28.0,48,2025-07-29,2025-07-16,35,Low Stock
Almond Milk,32.0,55,2025-08-01,2025-07-15,28,Low Stock
Green Coffee Powder,60.0,95,2025-08-18,2025-07-14,18,Low Stock
Ice Cream Vanilla Scoop,25.0,45,2025-08-05,2025-07-11,15,Low Stock
Ice Cream Chocolate Scoop,25.0,45,2025-08-06,2025-07-11,12,Low Stock
Croissants,20.0,35,2025-08-17,2025-07-15,38,Low Stock
Puff Pastry,10.0,18,2025-08-18,2025-07-15,40,Low Stock
Lemon Tea Mix,35.0,60,2025-08-20,2025-07-15,23,Low Stock
Mint Leaves,5.0,10,2025-07-25,2025-07-16,19,Low Stock
Saucer Plates,10.0,20,2026-01-01,2025-07-11,40,Low Stock
Ginger Paste,15.0,25,2025-07-25,2025-07-13,21,Low Stock
Chocolate Powder,20.0,35,2025-08-05,2025-07-11,37,Low Stock
Coffee Toppers,6.0,10,2025-08-15,2025-07-12,27,Low Stock
Honey Sachets,12.0,18,2025-08-17,2025-07-12,46,Low Stock
Butter Packets,10.0,15,2025-08-18,2025-07-12,39,Low Stock
Dry Fruits Mix,20.0,30,2025-08-21,2025-07-13,35,Low Stock
Chocolate Bars,15.0,25,2025-08-26,2025-07-13,42,Low Stock
Mopping Liquid,25.0,40,2025-11-01,2025-07-11,35,Low Stock
Coffee Machine Filters,12.0,18,2025-12-01,2025-07-12,15,Low Stock
Gas Canisters,150.0,180,2025-11-15,2025-07-12,20,Low Stock
Dishwashing Soap,45.0,60,2025-10-10,2025-07-12,28,Low Stock
Baking Powder,10.0,15,2025-09-05,2025-07-12,30,Low Stock
Yeast,8.0,12,2025-09-06,2025-07-12,22,Low Stock
