Ingredient,supplier,CostPrice,SellingPrice,last_updated,Profit,MarginPercent
Napkins,FreshTouch,0.5,2,2025-06-18,1.5,75.0
Straws,StrawLine,1.0,3,2025-06-15,2.0,66.66666666666666
Soda,FreshFizz,15.0,40,2025-06-18,25.0,62.5
Chutney,ChilliChatni,15.0,40,2025-06-21,25.0,62.5
Water Bottle,Aquapure,8.0,20,2025-06-19,12.0,60.0
Samosa,BitesOfIndia,15.0,35,2025-06-20,20.0,57.14285714285714
Ginger Ale,FizzyRoot,22.0,50,2025-06-21,28.0,56.00000000000001
Cola,ThirstyBuzz,20.0,45,2025-06-20,25.0,55.55555555555556
Kachori,BitesOfIndia,18.0,40,2025-06-21,22.0,55.00000000000001
Sugar,Bharat Sugar,28.0,60,2025-06-22,32.0,53.333333333333336
Spring Roll,ChingTales,22.0,45,2025-06-22,23.0,51.11111111111111
Egg Puff,BakeZone,30.0,60,2025-06-21,30.0,50.0
Veg Puff,BakeZone,25.0,50,2025-06-19,25.0,50.0
Waffles,GoldenGrid,30.0,60,2025-06-22,30.0,50.0
Lids,SafeSip,2.0,4,2025-06-20,2.0,50.0
Paper Cups,PackServe,3.0,6,2025-06-17,3.0,50.0
Donuts,RingBites,35.0,70,2025-06-21,35.0,50.0
Cookies,CookieCrumb,25.0,50,2025-06-19,25.0,50.0
Ice Cubes,FrostFlow,10.0,20,2025-06-19,10.0,50.0
Tissue Roll,CleanCafe,15.0,30,2025-06-21,15.0,50.0
Idli,SouthDelight,30.0,60,2025-06-22,30.0,50.0
Poha,MorningFlare,35.0,70,2025-06-18,35.0,50.0
Cutlery Set,QuickServe,5.0,10,2025-06-20,5.0,50.0
Upma,BreakyBite,38.0,75,2025-06-19,37.0,49.333333333333336
Rasam,HotnTangy,28.0,55,2025-06-23,27.0,49.09090909090909
Buttermilk,DesiDrink,18.0,35,2025-06-23,17.0,48.57142857142857
Brownies,ChocoCrack,45.0,85,2025-06-20,40.0,47.05882352941176
Curd Rice,SouthernTouch,45.0,85,2025-06-20,40.0,47.05882352941176
Bagels,BoilnBake,40.0,75,2025-06-24,35.0,46.666666666666664
Pasta White Sauce,ItalianoBite,70.0,130,2025-06-24,60.0,46.15384615384615
Brown Sugar,RawSweet,35.0,65,2025-06-20,30.0,46.15384615384615
Pasta Red Sauce,ItalianoBite,65.0,120,2025-06-23,55.0,45.83333333333333
Garlic Bread,SliceCraft,30.0,55,2025-06-19,25.0,45.45454545454545
Tray,QuickServe,10.0,18,2025-06-18,8.0,44.44444444444444
Veg Sandwich,Greenwich,50.0,90,2025-06-18,40.0,44.44444444444444
Mop Refill,Swachh,25.0,45,2025-06-20,20.0,44.44444444444444
Biryani,SpiceBowl,90.0,160,2025-06-25,70.0,43.75
Robusta Beans,SouthBrew,180.0,320,2025-06-22,140.0,43.75
Cappuccino Base,RoastRich,175.0,310,2025-06-20,135.0,43.54838709677419
Dosa Batter,HomeTiffins,40.0,70,2025-06-24,30.0,42.857142857142854
Cleaner Spray,Sanito,40.0,70,2025-06-19,30.0,42.857142857142854
Masala Fries,SnackHouse,40.0,70,2025-06-22,30.0,42.857142857142854
Caramel Syrup,SugarSplash,60.0,105,2025-06-20,45.0,42.857142857142854
Macchiato Base,BeanWorks,190.0,330,2025-06-23,140.0,42.42424242424242
Latte Base,CafeDaze,185.0,320,2025-06-21,135.0,42.1875
Fruit Cake,DailyFresh,55.0,95,2025-06-20,40.0,42.10526315789473
Grilled Cheese,MeltoCafe,55.0,95,2025-06-20,40.0,42.10526315789473
Paneer Sandwich,DesiBites,55.0,95,2025-06-18,40.0,42.10526315789473
Lemonade Base,ZestyFizz,35.0,60,2025-06-19,25.0,41.66666666666667
Muffins,DailyBite,35.0,60,2025-06-21,25.0,41.66666666666667
Tuna Sandwich,SeaCafe,70.0,120,2025-06-22,50.0,41.66666666666667
Sambar,HotnTangy,35.0,60,2025-06-22,25.0,41.66666666666667
Iced Tea Mix,ChillLeaf,85.0,145,2025-06-19,60.0,41.37931034482759
Espresso Powder,CafeFix,200.0,340,2025-06-25,140.0,41.17647058823529
Mocha Base,BrewFusion,200.0,340,2025-06-25,140.0,41.17647058823529
Filter Coffee,SouthBliss,100.0,170,2025-06-24,70.0,41.17647058823529
Chicken Sandwich,QuickBites,65.0,110,2025-06-21,45.0,40.909090909090914
Chocolate Syrup,ChocoMania,65.0,110,2025-06-25,45.0,40.909090909090914
Chai Masala,SpiceMill,95.0,160,2025-06-22,65.0,40.625
Arabica Beans,BeanCo,210.0,350,2025-06-20,140.0,40.0
Table Cloth,Decora,90.0,150,2025-06-22,60.0,40.0
Cheesecake,UrbanBake,60.0,100,2025-06-19,40.0,40.0
Potato Wedges,SnackHouse,45.0,75,2025-06-23,30.0,40.0
Sweetened Condensed Milk,SweetNest,60.0,100,2025-06-20,40.0,40.0
Whipped Cream,CreamyTop,60.0,100,2025-06-23,40.0,40.0
Vanilla Essence,FlavorPlus,120.0,200,2025-06-22,80.0,40.0
Soy Milk,GreenFarm,60.0,100,2025-06-20,40.0,40.0
Croissants,ButterBakes,45.0,75,2025-06-20,30.0,40.0
Lemon Tea Mix,ZestyDrop,90.0,150,2025-06-25,60.0,40.0
Instant Coffee,QuickSip,150.0,250,2025-06-15,100.0,40.0
Oat Milk,Organic Rise,68.0,110,2025-06-18,42.0,38.18181818181819
Almond Milk,NuttyMilk,75.0,120,2025-06-19,45.0,37.5
Hazelnut Syrup,NutMantra,75.0,120,2025-06-18,45.0,37.5
Tea Dust,ChaCorner,100.0,160,2025-06-22,60.0,37.5
Cold Brew Base,ChillBean,150.0,240,2025-06-25,90.0,37.5
Peri Peri Fries,ZingySnacks,50.0,80,2025-06-21,30.0,37.5
Mango Smoothie Base,FruitRush,120.0,190,2025-06-18,70.0,36.84210526315789
Green Tea,Herbal Hill,120.0,190,2025-06-24,70.0,36.84210526315789
Protein Powder,FitFuel,140.0,220,2025-06-20,80.0,36.36363636363637
Berry Smoothie Base,BerryBlast,130.0,200,2025-06-22,70.0,35.0
Cinnamon,Spice India,270.0,400,2025-06-19,130.0,32.5
Cloves,Masala Bazaar,280.0,410,2025-06-21,130.0,31.70731707317073
Milk,Aarya Dairy,55.0,80,2025-06-20,25.0,31.25
Nutmeg,SpiceWorld,320.0,450,2025-06-20,130.0,28.888888888888886
Cardamom,Spice India,300.0,420,2025-06-18,120.0,28.57142857142857
Vanilla Essence,EssenceMart,255.0,300,2025-06-30,45.0,15.0
Cocoa Powder,ChocoFarm,270.0,310,2025-07-03,40.0,12.903225806451612
Milk Powder,DairyBest,180.0,200,2025-07-01,20.0,10.0
Choco Chips,DelightFoods,135.0,150,2025-06-28,15.0,10.0
Tea Leaves,GreenGold,230.0,250,2025-07-05,20.0,8.0
