date,item,size,quantity,total_price,id,customer_id
2024-11-23,Filter Coffee,Small,3,180.0,,
2024-04-24,Espresso,Large,1,100.0,,
2024-10-06,Filter Coffee,Large,4,240.0,,
2024-01-16,Filter Coffee,Small,2,200.0,,
2024-11-04,Filter Coffee,Large,2,200.0,,
2024-11-28,Cold Coffee,Medium,2,160.0,,
2024-10-28,Cappuccino,Small,2,200.0,,
2024-08-04,Cappuccino,Medium,2,120.0,,
2024-06-21,Filter Coffee,Small,4,240.0,,
2024-07-02,Cappuccino,Large,3,180.0,,
2024-08-23,Cold Coffee,Small,4,240.0,,
2024-10-09,Cappuccino,Large,5,400.0,,
2024-10-22,Espresso,Large,1,60.0,,
2024-12-04,Espresso,Medium,1,60.0,,
2024-02-21,Latte,Medium,4,400.0,,
2024-07-05,Espresso,Medium,3,180.0,,
2024-12-09,Cappuccino,Large,1,100.0,,
2024-11-21,Espresso,Large,2,120.0,,
2024-08-24,Latte,Medium,5,300.0,,
2024-12-16,Cappuccino,Small,2,120.0,,
2024-06-10,Latte,Medium,1,60.0,,
2024-10-17,Cappuccino,Small,4,320.0,,
2024-11-25,Latte,Small,3,180.0,,
2024-05-06,Cold Coffee,Large,3,300.0,,
2024-10-26,Latte,Large,4,320.0,,
2024-04-22,Espresso,Large,4,240.0,,
2024-01-25,Filter Coffee,Small,2,200.0,,
2024-08-04,Cold Coffee,Small,4,320.0,,
2024-11-01,Latte,Large,3,300.0,,
2024-01-06,Filter Coffee,Large,5,400.0,,
2024-11-24,Cappuccino,Small,3,240.0,,
2024-03-21,Latte,Small,3,300.0,,
2024-04-01,Cold Coffee,Small,3,300.0,,
2024-09-16,Cold Coffee,Small,2,160.0,,
2024-03-23,Cold Coffee,Large,1,100.0,,
2024-06-14,Latte,Small,1,80.0,,
2024-06-06,Espresso,Small,2,200.0,,
2024-02-10,Filter Coffee,Large,4,240.0,,
2024-09-29,Espresso,Small,4,400.0,,
2024-03-25,Cappuccino,Large,5,400.0,,
2024-04-18,Cold Coffee,Large,2,200.0,,
2024-06-08,Latte,Large,3,240.0,,
2024-09-21,Latte,Small,2,120.0,,
2024-02-02,Cappuccino,Small,5,500.0,,
2024-04-27,Cold Coffee,Small,1,60.0,,
2024-12-28,Filter Coffee,Small,1,60.0,,
2024-06-18,Filter Coffee,Large,2,160.0,,
2024-12-08,Latte,Small,5,300.0,,
2024-10-19,Cold Coffee,Medium,2,160.0,,
2024-07-27,Espresso,Small,1,100.0,,
2024-08-08,Cappuccino,Medium,4,320.0,,
2024-01-28,Filter Coffee,Small,4,400.0,,
2024-06-22,Filter Coffee,Small,2,120.0,,
2024-10-01,Latte,Small,4,240.0,,
2024-05-22,Latte,Small,1,80.0,,
2024-10-08,Filter Coffee,Small,5,300.0,,
2024-02-17,Espresso,Small,4,320.0,,
2024-09-03,Espresso,Medium,1,60.0,,
2024-07-13,Filter Coffee,Medium,3,240.0,,
2024-05-26,Latte,Large,5,500.0,,
2024-09-06,Espresso,Small,3,180.0,,
2024-01-30,Cold Coffee,Large,5,300.0,,
2024-06-09,Filter Coffee,Small,5,400.0,,
2024-09-14,Cold Coffee,Small,1,100.0,,
2024-02-11,Espresso,Small,5,300.0,,
2024-12-11,Espresso,Medium,1,100.0,,
2024-05-06,Cold Coffee,Large,1,100.0,,
2024-02-11,Latte,Large,5,500.0,,
2024-09-24,Cappuccino,Medium,2,200.0,,
2024-06-09,Espresso,Medium,4,240.0,,
2024-12-09,Cappuccino,Medium,3,180.0,,
2024-01-05,Latte,Large,5,300.0,,
2024-02-07,Cold Coffee,Small,5,400.0,,
2024-03-08,Cappuccino,Small,2,160.0,,
2024-05-25,Espresso,Medium,5,500.0,,
2024-06-03,Cold Coffee,Large,5,300.0,,
2024-12-07,Cold Coffee,Medium,1,60.0,,
2024-05-15,Filter Coffee,Small,5,300.0,,
2024-05-19,Cappuccino,Large,2,200.0,,
2024-06-24,Espresso,Large,3,300.0,,
2024-09-07,Cappuccino,Small,1,100.0,,
2024-08-04,Cappuccino,Small,1,80.0,,
2024-03-07,Cappuccino,Small,4,400.0,,
2024-12-27,Latte,Large,1,60.0,,
2024-02-08,Espresso,Large,1,80.0,,
2024-10-25,Cold Coffee,Small,4,240.0,,
2024-01-22,Cappuccino,Medium,1,80.0,,
2024-04-17,Espresso,Large,1,80.0,,
2024-10-13,Latte,Large,2,120.0,,
2024-03-24,Espresso,Medium,1,60.0,,
2024-06-19,Latte,Large,2,160.0,,
2024-03-22,Filter Coffee,Medium,1,80.0,,
2024-04-23,Espresso,Medium,3,240.0,,
2024-04-26,Espresso,Small,2,160.0,,
2024-06-17,Cappuccino,Small,3,240.0,,
2024-11-24,Cold Coffee,Medium,5,400.0,,
2024-01-15,Filter Coffee,Medium,2,200.0,,
2024-05-15,Filter Coffee,Small,5,400.0,,
2024-06-25,Cappuccino,Medium,5,500.0,,
2024-02-29,Latte,Large,2,160.0,,
2024-01-23,Latte,Small,5,500.0,,
2024-12-17,Espresso,Medium,4,240.0,,
2024-12-06,Cappuccino,Large,3,300.0,,
2024-03-04,Cappuccino,Large,3,300.0,,
2024-07-28,Cappuccino,Medium,3,300.0,,
2024-03-06,Espresso,Medium,4,400.0,,
2024-03-30,Cold Coffee,Large,3,240.0,,
2024-10-07,Filter Coffee,Medium,3,180.0,,
2024-08-08,Cold Coffee,Large,3,240.0,,
2024-08-14,Latte,Large,2,200.0,,
2024-08-30,Espresso,Large,1,80.0,,
2024-09-20,Cold Coffee,Medium,1,60.0,,
2024-12-10,Cappuccino,Small,2,120.0,,
2024-01-13,Filter Coffee,Small,4,400.0,,
2024-02-07,Latte,Medium,5,300.0,,
2024-12-22,Latte,Medium,4,240.0,,
2024-03-16,Filter Coffee,Small,4,240.0,,
2024-03-31,Cold Coffee,Medium,1,100.0,,
2024-05-07,Filter Coffee,Medium,2,160.0,,
2024-12-07,Cold Coffee,Large,5,400.0,,
2024-08-14,Cold Coffee,Large,5,400.0,,
2024-10-07,Latte,Small,4,320.0,,
2024-05-12,Espresso,Large,3,300.0,,
2024-09-05,Espresso,Medium,4,240.0,,
2024-12-31,Cappuccino,Small,3,240.0,,
2024-06-12,Cold Coffee,Small,2,120.0,,
2024-04-28,Latte,Large,2,200.0,,
2024-04-19,Filter Coffee,Medium,4,320.0,,
2024-10-04,Latte,Medium,1,60.0,,
2024-08-03,Latte,Large,1,100.0,,
2024-07-13,Latte,Small,3,240.0,,
2024-07-18,Latte,Large,5,500.0,,
2024-04-22,Latte,Small,3,240.0,,
2024-09-05,Filter Coffee,Medium,3,300.0,,
2024-12-13,Latte,Large,2,160.0,,
2024-03-06,Cold Coffee,Large,1,80.0,,
2024-10-30,Cold Coffee,Large,1,60.0,,
2024-11-25,Latte,Small,4,240.0,,
2024-01-26,Cappuccino,Medium,3,180.0,,
2024-08-20,Cappuccino,Medium,4,320.0,,
2024-08-03,Cappuccino,Small,4,240.0,,
2024-10-03,Filter Coffee,Medium,2,200.0,,
2024-02-05,Filter Coffee,Small,2,120.0,,
2024-01-11,Cold Coffee,Small,2,120.0,,
2024-08-30,Filter Coffee,Large,2,160.0,,
2024-12-24,Cappuccino,Medium,2,200.0,,
2024-11-06,Filter Coffee,Small,3,180.0,,
2024-10-23,Filter Coffee,Medium,5,500.0,,
2024-07-11,Latte,Large,2,120.0,,
2024-10-30,Espresso,Small,3,300.0,,
2024-11-03,Filter Coffee,Large,1,80.0,,
2024-09-29,Latte,Large,3,180.0,,
2024-09-16,Cappuccino,Small,4,320.0,,
2024-02-24,Latte,Medium,4,400.0,,
2024-03-19,Latte,Small,5,500.0,,
2024-05-18,Cold Coffee,Large,4,320.0,,
2024-08-11,Cold Coffee,Medium,3,180.0,,
2024-02-14,Cappuccino,Medium,2,160.0,,
2024-10-18,Cold Coffee,Large,4,320.0,,
2024-01-15,Latte,Medium,2,160.0,,
2024-04-18,Cappuccino,Medium,3,240.0,,
2024-11-01,Cappuccino,Large,1,100.0,,
2024-04-07,Filter Coffee,Small,4,320.0,,
2024-10-11,Espresso,Large,4,400.0,,
2024-12-30,Latte,Medium,1,60.0,,
2024-05-30,Espresso,Medium,2,160.0,,
2024-12-05,Cold Coffee,Medium,4,400.0,,
2024-09-28,Cappuccino,Medium,5,400.0,,
2024-06-29,Latte,Medium,3,240.0,,
2024-04-28,Filter Coffee,Large,2,160.0,,
2024-03-02,Cold Coffee,Large,2,120.0,,
2024-04-20,Latte,Medium,5,500.0,,
2024-11-01,Cappuccino,Small,2,160.0,,
2024-04-26,Cappuccino,Small,3,180.0,,
2024-12-28,Cold Coffee,Small,3,180.0,,
2024-01-28,Cold Coffee,Medium,2,200.0,,
2024-09-08,Filter Coffee,Small,5,400.0,,
2024-08-28,Latte,Medium,3,180.0,,
2024-01-27,Cappuccino,Medium,1,60.0,,
2024-07-24,Latte,Small,5,500.0,,
2024-12-17,Filter Coffee,Small,2,200.0,,
2024-06-04,Filter Coffee,Small,1,100.0,,
2024-08-01,Cold Coffee,Large,5,300.0,,
2024-09-24,Latte,Medium,4,320.0,,
2024-10-28,Latte,Medium,5,500.0,,
2024-01-31,Cold Coffee,Large,1,60.0,,
2024-11-16,Espresso,Medium,1,60.0,,
2024-05-02,Espresso,Large,1,60.0,,
2024-01-02,Latte,Medium,5,400.0,,
2024-05-29,Filter Coffee,Small,3,300.0,,
2024-05-24,Latte,Small,2,160.0,,
2024-11-16,Cold Coffee,Large,2,160.0,,
2024-02-28,Cold Coffee,Small,2,160.0,,
2024-03-13,Filter Coffee,Small,2,160.0,,
2024-10-31,Cold Coffee,Medium,4,240.0,,
2024-08-27,Cappuccino,Large,4,320.0,,
2024-09-13,Cold Coffee,Medium,4,240.0,,
2024-11-02,Filter Coffee,Medium,3,300.0,,
2024-05-08,Filter Coffee,Small,2,200.0,,
2024-10-21,Cold Coffee,Small,3,300.0,,
2024-01-21,Espresso,Medium,5,500.0,,
2024-08-14,Cappuccino,Small,5,400.0,,
2024-11-21,Latte,Small,4,320.0,,
2024-07-28,Cappuccino,Medium,1,60.0,,
2024-06-17,Latte,Large,4,320.0,,
2024-12-05,Latte,Large,1,80.0,,
2024-02-15,Cappuccino,Medium,3,180.0,,
2024-07-25,Cold Coffee,Small,5,400.0,,
2024-07-30,Filter Coffee,Small,5,400.0,,
2024-11-14,Latte,Large,4,240.0,,
2024-04-14,Cappuccino,Large,2,160.0,,
2024-08-12,Latte,Small,1,100.0,,
2024-11-07,Espresso,Large,2,160.0,,
2024-10-09,Filter Coffee,Large,4,240.0,,
2024-04-25,Filter Coffee,Medium,1,100.0,,
2024-03-19,Latte,Large,3,300.0,,
2024-12-27,Cappuccino,Medium,4,320.0,,
2024-05-04,Latte,Large,2,160.0,,
2024-04-07,Cold Coffee,Large,2,120.0,,
2024-05-21,Latte,Medium,5,400.0,,
2024-01-02,Cappuccino,Large,3,300.0,,
2024-10-23,Latte,Small,4,400.0,,
2024-09-04,Cappuccino,Medium,5,500.0,,
2024-07-12,Latte,Medium,2,200.0,,
2024-05-02,Cold Coffee,Medium,2,160.0,,
2024-01-23,Cappuccino,Large,4,400.0,,
2024-07-14,Latte,Large,2,160.0,,
2024-01-19,Espresso,Large,5,400.0,,
2024-02-21,Latte,Small,5,400.0,,
2024-01-08,Espresso,Medium,2,120.0,,
2024-08-28,Cappuccino,Medium,5,500.0,,
2024-07-22,Filter Coffee,Medium,5,400.0,,
2024-06-11,Latte,Large,1,100.0,,
2024-02-05,Espresso,Large,3,180.0,,
2024-02-16,Latte,Small,1,80.0,,
2024-03-26,Cappuccino,Small,1,80.0,,
2024-01-29,Cappuccino,Medium,3,240.0,,
2024-03-15,Espresso,Large,4,400.0,,
2024-12-15,Espresso,Small,2,120.0,,
2024-11-08,Latte,Large,2,160.0,,
2024-10-25,Espresso,Small,4,400.0,,
2024-05-10,Latte,Medium,1,80.0,,
2024-05-27,Cold Coffee,Small,1,80.0,,
2024-06-25,Cold Coffee,Medium,4,400.0,,
2024-05-08,Latte,Medium,2,160.0,,
2024-09-04,Filter Coffee,Small,4,400.0,,
2024-07-02,Cold Coffee,Medium,3,180.0,,
2024-12-03,Latte,Medium,1,100.0,,
2024-12-17,Filter Coffee,Large,4,320.0,,
2024-04-27,Cold Coffee,Medium,2,200.0,,
2024-04-07,Cold Coffee,Medium,2,200.0,,
2024-02-19,Filter Coffee,Medium,4,240.0,,
2024-10-23,Cappuccino,Large,2,120.0,,
2024-05-31,Cappuccino,Large,4,240.0,,
2024-04-12,Espresso,Large,3,300.0,,
2024-09-13,Cappuccino,Small,3,240.0,,
2024-05-31,Cappuccino,Small,4,240.0,,
2024-03-13,Espresso,Large,4,400.0,,
2024-07-06,Filter Coffee,Medium,1,80.0,,
2024-10-01,Filter Coffee,Medium,3,300.0,,
2024-12-10,Cappuccino,Large,4,400.0,,
2024-07-09,Filter Coffee,Large,2,160.0,,
2024-01-13,Cold Coffee,Large,3,300.0,,
2024-04-23,Filter Coffee,Large,4,400.0,,
2024-06-03,Latte,Small,2,120.0,,
2024-01-20,Cappuccino,Medium,1,60.0,,
2024-04-30,Cold Coffee,Small,4,320.0,,
2024-07-08,Cold Coffee,Medium,5,500.0,,
2024-03-20,Latte,Large,1,80.0,,
2024-11-11,Latte,Medium,1,100.0,,
2024-07-08,Espresso,Medium,4,240.0,,
2024-07-04,Filter Coffee,Large,3,300.0,,
2024-11-26,Cappuccino,Small,4,320.0,,
2024-04-07,Filter Coffee,Medium,1,100.0,,
2024-04-18,Cold Coffee,Small,1,80.0,,
2024-05-04,Espresso,Large,2,120.0,,
2024-10-10,Espresso,Large,2,120.0,,
2024-06-17,Espresso,Large,1,80.0,,
2024-03-15,Espresso,Large,3,180.0,,
2024-02-26,Filter Coffee,Small,1,80.0,,
2024-05-01,Cold Coffee,Medium,1,60.0,,
2024-05-15,Filter Coffee,Small,4,400.0,,
2024-02-28,Filter Coffee,Medium,4,320.0,,
2024-09-19,Cold Coffee,Small,4,400.0,,
2024-04-23,Cold Coffee,Small,5,400.0,,
2024-08-22,Filter Coffee,Small,4,320.0,,
2024-08-06,Filter Coffee,Medium,4,240.0,,
2024-02-11,Cappuccino,Large,2,120.0,,
2024-03-05,Cappuccino,Large,5,500.0,,
2024-12-30,Cappuccino,Medium,5,500.0,,
2024-05-30,Latte,Large,5,400.0,,
2024-02-20,Filter Coffee,Large,5,500.0,,
2024-04-20,Latte,Medium,2,160.0,,
2024-06-22,Latte,Medium,4,400.0,,
2024-02-18,Cappuccino,Medium,3,300.0,,
2024-05-10,Cappuccino,Small,4,240.0,,
2024-02-16,Filter Coffee,Small,4,240.0,,
2024-07-09,Espresso,Large,1,100.0,,
2024-10-14,Cold Coffee,Medium,1,80.0,,
2024-06-30,Latte,Large,1,80.0,,
2024-11-03,Cappuccino,Medium,1,100.0,,
2024-09-16,Espresso,Small,4,240.0,,
2024-02-25,Cappuccino,Large,3,180.0,,
2024-05-22,Cold Coffee,Small,4,400.0,,
2024-11-14,Cold Coffee,Large,5,300.0,,
2024-11-07,Cappuccino,Small,2,160.0,,
2024-12-25,Cappuccino,Medium,3,180.0,,
2024-04-02,Espresso,Large,4,240.0,,
2024-03-13,Filter Coffee,Small,5,300.0,,
2024-07-11,Latte,Medium,3,180.0,,
2024-07-08,Cappuccino,Large,3,300.0,,
2024-11-01,Filter Coffee,Small,2,120.0,,
2024-11-12,Filter Coffee,Large,1,80.0,,
2024-08-14,Latte,Medium,5,400.0,,
2024-07-31,Cappuccino,Small,5,300.0,,
2024-06-25,Latte,Small,3,300.0,,
2024-12-13,Cold Coffee,Medium,5,500.0,,
2024-06-06,Filter Coffee,Small,4,400.0,,
2024-01-29,Filter Coffee,Small,3,180.0,,
2024-03-11,Cappuccino,Medium,3,180.0,,
2024-01-04,Latte,Large,4,240.0,,
2024-03-07,Latte,Large,2,200.0,,
2024-10-13,Cappuccino,Small,4,400.0,,
2024-01-22,Latte,Small,4,240.0,,
2024-06-09,Cold Coffee,Medium,5,400.0,,
2024-12-29,Latte,Medium,1,80.0,,
2024-01-11,Cappuccino,Small,5,400.0,,
2024-12-19,Cappuccino,Small,4,240.0,,
2024-05-04,Latte,Large,4,400.0,,
2024-02-10,Latte,Medium,3,180.0,,
2024-06-19,Espresso,Small,5,500.0,,
2024-02-28,Cold Coffee,Large,2,160.0,,
2024-06-28,Espresso,Small,1,60.0,,
2024-05-11,Espresso,Small,5,300.0,,
2024-12-01,Filter Coffee,Small,4,320.0,,
2024-10-15,Cold Coffee,Medium,5,500.0,,
2024-11-21,Cold Coffee,Medium,3,180.0,,
2024-08-13,Filter Coffee,Medium,4,400.0,,
2024-06-04,Cappuccino,Large,1,80.0,,
2024-09-16,Filter Coffee,Medium,4,320.0,,
2024-01-20,Filter Coffee,Medium,3,180.0,,
2024-11-26,Filter Coffee,Large,5,500.0,,
2024-07-15,Latte,Large,5,500.0,,
2024-01-22,Latte,Large,2,160.0,,
2024-11-05,Latte,Large,2,120.0,,
2024-08-18,Filter Coffee,Medium,1,100.0,,
2024-11-26,Espresso,Small,2,200.0,,
2024-08-12,Latte,Large,5,500.0,,
2024-03-22,Cappuccino,Medium,3,240.0,,
2024-07-28,Cappuccino,Large,5,300.0,,
2025-04-15,Brownie,Large,4,250.0,22,2025
