date,food_item,quantity,price
2024-11-19,Brownie,1,50
2024-02-18,Cheese Roll,3,50
2024-05-25,Brownie,3,70
2024-11-04,Sandwich,2,30
2024-10-25,Sandwich,2,50
2024-12-01,Samosa,1,70
2024-12-28,Veg Puff,2,70
2024-07-11,Brownie,1,70
2024-12-25,Cheese Roll,1,70
2024-12-09,Samosa,3,50
2024-01-10,Brownie,2,30
2024-04-19,Brownie,2,30
2024-04-25,Sandwich,1,30
2024-05-31,Veg Puff,3,70
2024-09-26,Veg Puff,3,50
2024-11-12,Sandwich,3,50
2024-03-19,Sandwich,1,70
2024-11-15,Sandwich,3,50
2024-01-23,Samosa,2,70
2024-05-01,Samosa,3,50
2024-08-17,Sandwich,3,30
2024-06-07,Samosa,1,50
2024-12-13,Cheese Roll,2,50
2024-05-24,Samosa,3,70
2024-08-02,Sandwich,1,70
2024-03-11,Brownie,1,70
2024-09-03,Brownie,3,30
2024-12-30,Cheese Roll,1,50
2024-02-12,Sandwich,2,50
2024-09-19,Sandwich,2,30
2024-04-23,Samosa,2,30
2024-07-31,Veg Puff,2,70
2024-07-10,Sandwich,2,30
2024-07-10,Sandwich,1,50
2024-02-20,Brownie,1,30
2024-01-20,Brownie,2,70
2024-03-12,Samosa,2,70
2024-01-03,Veg Puff,1,50
2024-04-20,Sandwich,3,70
2024-11-07,Cheese Roll,2,30
2024-05-27,Sandwich,2,30
2024-01-25,Sandwich,2,70
2024-11-14,Samosa,1,30
2024-09-12,Cheese Roll,3,30
2024-11-19,Cheese Roll,3,30
2024-03-14,Brownie,2,30
2024-11-10,Brownie,1,70
2024-08-01,Sandwich,3,70
2024-02-13,Cheese Roll,2,30
2024-09-26,Cheese Roll,3,70
2024-10-10,Veg Puff,2,50
2024-01-23,Samosa,2,50
2024-01-09,Brownie,1,50
2024-05-03,Veg Puff,3,70
2024-06-19,Sandwich,1,50
2024-10-06,Brownie,3,30
2024-12-16,Samosa,3,50
2024-11-19,Sandwich,1,30
2024-08-22,Veg Puff,2,30
2024-01-23,Sandwich,1,50
2024-06-07,Cheese Roll,2,70
2024-08-30,Brownie,1,70
2024-04-07,Brownie,2,30
2024-12-01,Brownie,2,30
2024-07-07,Samosa,2,70
2024-08-13,Samosa,2,30
2024-09-11,Samosa,2,70
2024-05-16,Veg Puff,3,50
2024-02-10,Samosa,3,30
2024-10-06,Brownie,2,30
2024-02-10,Brownie,3,50
2024-06-05,Samosa,3,70
2024-08-06,Sandwich,3,50
2024-06-28,Samosa,1,70
2024-06-29,Cheese Roll,2,50
2024-11-23,Veg Puff,1,70
2024-11-22,Samosa,2,70
2024-12-13,Sandwich,1,30
2024-11-07,Samosa,1,30
2024-02-04,Sandwich,3,50
2024-07-04,Samosa,3,30
2024-11-05,Sandwich,3,50
2024-07-08,Brownie,2,30
2024-10-20,Sandwich,3,50
2024-07-22,Brownie,3,50
2024-05-07,Veg Puff,1,70
2024-04-05,Samosa,3,50
2024-10-14,Veg Puff,2,50
2024-12-26,Samosa,1,70
2024-05-26,Samosa,1,30
2024-03-10,Veg Puff,2,30
2024-12-31,Samosa,1,70
2024-06-12,Brownie,3,30
2024-10-08,Cheese Roll,2,50
2024-03-21,Sandwich,2,70
2024-04-24,Veg Puff,1,30
2024-05-01,Samosa,1,50
2024-10-10,Cheese Roll,2,50
2024-10-09,Sandwich,3,30
2024-02-03,Brownie,2,70
2024-09-02,Cheese Roll,2,50
2024-10-21,Veg Puff,1,50
2024-11-24,Veg Puff,2,50
2024-12-14,Cheese Roll,2,30
2024-10-09,Cheese Roll,1,30
2024-08-09,Cheese Roll,1,30
2024-09-22,Sandwich,2,30
2024-03-23,Brownie,3,30
2024-06-26,Cheese Roll,2,30
2024-05-08,Sandwich,3,70
2024-05-20,Sandwich,3,50
2024-11-10,Cheese Roll,1,70
2024-11-24,Sandwich,3,70
2024-03-19,Sandwich,3,70
2024-11-05,Brownie,3,30
2024-01-15,Veg Puff,1,70
2024-10-22,Brownie,3,30
2024-10-19,Samosa,3,70
2024-01-16,Samosa,3,70
2024-05-28,Brownie,2,30
2024-12-16,Samosa,2,50
2024-02-07,Veg Puff,1,50
2024-07-31,Samosa,2,30
2024-06-23,Cheese Roll,1,50
2024-06-12,Brownie,2,30
2024-07-08,Cheese Roll,3,30
2024-06-12,Sandwich,2,30
2024-05-16,Samosa,1,30
2024-02-19,Veg Puff,2,50
2024-11-11,Samosa,1,30
2024-06-16,Cheese Roll,3,50
2024-04-07,Sandwich,2,70
2024-08-27,Samosa,2,50
2024-01-12,Veg Puff,2,70
2024-08-22,Sandwich,1,70
2024-06-29,Veg Puff,1,50
2024-09-10,Cheese Roll,3,70
2024-08-28,Brownie,3,30
2024-02-25,Samosa,1,50
2024-07-06,Samosa,2,30
2024-07-24,Veg Puff,3,70
2024-04-09,Brownie,3,50
2024-02-07,Samosa,3,50
2024-10-08,Brownie,3,70
2024-11-08,Veg Puff,1,30
2024-07-20,Brownie,2,70
2024-07-06,Sandwich,1,70
2024-09-17,Samosa,3,30
2024-01-24,Veg Puff,1,70
2024-06-19,Samosa,3,50
2024-03-17,Cheese Roll,3,30
2024-06-16,Cheese Roll,2,30
2024-07-20,Cheese Roll,3,50
2024-10-30,Brownie,3,70
2024-09-29,Samosa,3,70
2024-06-02,Samosa,1,50
2024-06-18,Veg Puff,2,70
2024-06-06,Veg Puff,3,50
2024-05-15,Cheese Roll,3,30
2024-01-27,Cheese Roll,2,30
2024-09-25,Cheese Roll,2,30
2024-12-14,Sandwich,1,70
2024-12-24,Veg Puff,1,30
2024-08-13,Brownie,2,30
2024-07-30,Sandwich,2,70
2024-11-09,Samosa,3,70
2024-02-01,Sandwich,3,30
2024-10-14,Brownie,3,50
2024-09-26,Samosa,2,30
2024-08-23,Cheese Roll,2,70
2024-06-30,Brownie,3,50
2024-04-08,Sandwich,2,70
2024-06-01,Sandwich,2,50
2024-12-26,Sandwich,3,70
2024-09-07,Brownie,2,50
2024-10-13,Brownie,2,30
2024-10-20,Cheese Roll,2,50
2024-06-25,Sandwich,2,30
2024-05-27,Veg Puff,2,50
2024-12-01,Brownie,3,50
2024-04-19,Sandwich,3,50
2024-10-14,Brownie,1,30
2024-11-11,Cheese Roll,1,30
2024-01-26,Cheese Roll,1,70
2024-04-29,Veg Puff,1,50
2024-06-18,Samosa,1,70
2024-03-11,Veg Puff,3,30
2024-07-27,Samosa,2,70
2024-04-12,Brownie,2,50
2024-11-26,Veg Puff,1,70
2024-10-20,Sandwich,3,70
2024-01-20,Sandwich,2,30
2024-01-19,Samosa,2,30
2024-05-28,Veg Puff,1,50
2024-10-17,Cheese Roll,1,50
2024-05-25,Samosa,3,70
2024-09-25,Samosa,1,70
2024-08-27,Brownie,1,30
2024-06-18,Sandwich,3,50
2024-11-27,Brownie,3,30
2024-01-08,Brownie,2,70
2024-12-11,Sandwich,1,70
2024-11-23,Samosa,2,70
2024-06-16,Veg Puff,2,70
2024-02-18,Sandwich,1,50
2024-06-14,Sandwich,1,50
2024-07-15,Sandwich,2,50
2024-06-17,Brownie,3,70
2024-10-20,Veg Puff,2,70
2024-07-03,Sandwich,1,70
2024-03-01,Samosa,2,30
2024-07-26,Cheese Roll,3,50
2024-12-19,Veg Puff,3,50
2024-07-07,Cheese Roll,1,30
2024-03-09,Samosa,1,50
2024-11-06,Brownie,2,70
2024-10-08,Samosa,3,70
2024-04-21,Sandwich,3,70
2024-02-11,Cheese Roll,2,70
2024-12-26,Brownie,1,70
2024-02-27,Veg Puff,3,70
2024-04-13,Cheese Roll,3,30
2024-03-25,Brownie,3,50
2024-02-29,Sandwich,3,70
2024-09-07,Veg Puff,3,50
2024-01-29,Samosa,1,70
2024-07-31,Samosa,3,30
2024-10-13,Samosa,3,50
2024-01-12,Samosa,2,30
2024-04-21,Cheese Roll,1,30
2024-08-04,Brownie,3,30
2024-10-04,Veg Puff,1,50
2024-01-17,Brownie,2,30
2024-03-10,Samosa,2,50
2024-08-17,Samosa,2,30
2024-12-15,Cheese Roll,1,70
2024-06-27,Veg Puff,1,70
2024-07-20,Cheese Roll,1,70
2024-04-24,Veg Puff,1,50
2024-08-25,Cheese Roll,2,70
2024-07-13,Sandwich,1,50
2024-06-26,Sandwich,2,30
2024-02-27,Veg Puff,3,50
2024-11-10,Veg Puff,1,30
2024-02-04,Veg Puff,3,30
2024-08-16,Cheese Roll,3,70
2024-01-25,Sandwich,3,30
2024-07-24,Samosa,1,70
2024-04-21,Veg Puff,1,70
2024-05-28,Sandwich,3,70
2024-06-12,Cheese Roll,3,70
2024-06-13,Sandwich,2,30
2024-12-04,Cheese Roll,1,50
2024-06-02,Brownie,1,70
2024-10-29,Sandwich,3,70
2024-08-06,Cheese Roll,2,30
2024-06-25,Samosa,3,50
2024-12-22,Samosa,2,30
2024-06-02,Samosa,1,70
2024-08-30,Sandwich,1,50
2024-12-28,Sandwich,2,30
2024-10-14,Samosa,2,70
2024-09-28,Sandwich,2,30
2024-05-10,Sandwich,2,70
2024-02-10,Samosa,2,30
2024-10-01,Sandwich,1,50
2024-07-12,Cheese Roll,3,30
2024-02-07,Sandwich,3,70
2024-12-09,Cheese Roll,1,50
2024-04-16,Brownie,2,30
2024-04-18,Sandwich,3,30
2024-09-02,Sandwich,3,70
2024-12-26,Sandwich,2,30
2024-10-09,Brownie,2,50
2024-08-26,Cheese Roll,3,50
2024-06-06,Brownie,2,70
2024-09-11,Samosa,1,70
2024-08-28,Brownie,1,50
2024-06-09,Samosa,1,70
2024-04-23,Sandwich,1,50
2024-10-10,Cheese Roll,3,70
2024-08-01,Brownie,1,30
2024-06-17,Sandwich,2,70
2024-05-05,Samosa,3,70
2024-12-16,Brownie,2,50
2024-11-24,Samosa,2,30
2024-06-29,Sandwich,1,70
2024-10-06,Samosa,1,70
2024-11-24,Veg Puff,3,30
2024-02-08,Veg Puff,1,50
2024-03-11,Sandwich,1,70
2024-03-18,Veg Puff,1,70
2024-08-21,Brownie,1,70
2024-11-22,Cheese Roll,2,70
2024-09-06,Veg Puff,1,70
2024-10-09,Samosa,1,30
2024-09-28,Brownie,3,50
2024-01-09,Cheese Roll,3,70
2024-08-08,Sandwich,1,30
2024-09-25,Sandwich,1,30
2024-11-13,Cheese Roll,2,50
2024-05-16,Samosa,1,50
2024-07-26,Samosa,3,30
2024-12-22,Sandwich,2,70
2024-02-11,Veg Puff,1,50
2024-07-13,Samosa,3,50
2024-01-29,Veg Puff,3,30
2024-02-12,Samosa,2,70
2024-06-18,Cheese Roll,1,70
2024-01-22,Sandwich,1,70
2024-10-17,Samosa,2,30
2024-02-08,Brownie,3,70
2024-12-02,Veg Puff,1,50
2024-01-09,Sandwich,3,30
2024-12-30,Samosa,1,50
2024-03-24,Cheese Roll,1,70
2024-07-18,Cheese Roll,2,50
2024-03-12,Veg Puff,3,70
2024-06-26,Veg Puff,1,50
2024-04-28,Veg Puff,2,70
2024-11-10,Cheese Roll,2,50
2024-01-16,Brownie,2,50
2024-04-26,Brownie,3,50
2024-08-09,Sandwich,3,70
2024-12-04,Samosa,1,70
2024-05-31,Sandwich,3,30
2024-02-12,Brownie,1,50
2024-12-30,Sandwich,3,50
2024-06-11,Brownie,1,30
2024-01-03,Brownie,2,50
2024-05-18,Veg Puff,1,30
2024-04-05,Samosa,2,70
2024-10-11,Cheese Roll,2,30
2024-01-14,Veg Puff,2,70
2024-02-17,Cheese Roll,3,50
2024-07-16,Veg Puff,2,50
2024-07-17,Veg Puff,3,70
2024-05-04,Cheese Roll,3,30
2024-12-16,Samosa,1,30
2024-05-17,Brownie,2,50
2024-03-15,Veg Puff,1,50
2024-05-21,Samosa,2,50
2024-02-09,Brownie,2,30
2024-11-16,Samosa,3,70
2024-04-10,Samosa,1,30
2024-06-04,Veg Puff,2,50
2024-11-13,Samosa,2,50
2024-06-20,Samosa,3,70
2024-03-10,Brownie,2,70
2024-12-21,Sandwich,2,50
