Ingredient,supplier,CostPrice,SellingPrice,last_updated,item,cost_price,selling_price
Arabica Beans,BeanCo,210.0,350.0,2025-06-20,,,
Robusta Beans,SouthBrew,180.0,320.0,2025-06-22,,,
Espresso Powder,CafeFix,200.0,340.0,2025-06-25,,,
Instant Coffee,QuickSip,150.0,250.0,2025-06-15,,,
Milk,Aarya Dairy,55.0,80.0,2025-06-20,,,
Almond Milk,NuttyMilk,75.0,120.0,2025-06-19,,,
Soy Milk,GreenFarm,60.0,100.0,2025-06-20,,,
Oat Milk,Organic Rise,68.0,110.0,2025-06-18,,,
Sugar,Bharat Sugar,28.0,60.0,2025-06-22,,,
Brown Sugar,RawSweet,35.0,65.0,2025-06-20,,,
Muffins,DailyBite,35.0,60.0,2025-06-21,,,
Cookies,CookieCrumb,25.0,50.0,2025-06-19,,,
Croissants,ButterBakes,45.0,75.0,2025-06-20,,,
Tea Dust,ChaCorner,100.0,160.0,2025-06-22,,,
Green Tea,Herbal Hill,120.0,190.0,2025-06-24,,,
Lemon Tea Mix,ZestyDrop,90.0,150.0,2025-06-25,,,
Cardamom,Spice India,300.0,420.0,2025-06-18,,,
Cinnamon,Spice India,270.0,400.0,2025-06-19,,,
Cloves,Masala Bazaar,280.0,410.0,2025-06-21,,,
Nutmeg,SpiceWorld,320.0,450.0,2025-06-20,,,
Vanilla Essence,FlavorPlus,120.0,200.0,2025-06-22,,,
Whipped Cream,CreamyTop,60.0,100.0,2025-06-23,,,
Chocolate Syrup,ChocoMania,65.0,110.0,2025-06-25,,,
Caramel Syrup,SugarSplash,60.0,105.0,2025-06-20,,,
Hazelnut Syrup,NutMantra,75.0,120.0,2025-06-18,,,
Ice Cubes,FrostFlow,10.0,20.0,2025-06-19,,,
Paper Cups,PackServe,3.0,6.0,2025-06-17,,,
Straws,StrawLine,1.0,3.0,2025-06-15,,,
Lids,SafeSip,2.0,4.0,2025-06-20,,,
Napkins,FreshTouch,0.5,2.0,2025-06-18,,,
Waffles,GoldenGrid,30.0,60.0,2025-06-22,,,
Donuts,RingBites,35.0,70.0,2025-06-21,,,
Bagels,BoilnBake,40.0,75.0,2025-06-24,,,
Brownies,ChocoCrack,45.0,85.0,2025-06-20,,,
Cheesecake,UrbanBake,60.0,100.0,2025-06-19,,,
Fruit Cake,DailyFresh,55.0,95.0,2025-06-20,,,
Veg Sandwich,Greenwich,50.0,90.0,2025-06-18,,,
Chicken Sandwich,QuickBites,65.0,110.0,2025-06-21,,,
Tuna Sandwich,SeaCafe,70.0,120.0,2025-06-22,,,
Grilled Cheese,MeltoCafe,55.0,95.0,2025-06-20,,,
Macchiato Base,BeanWorks,190.0,330.0,2025-06-23,,,
Latte Base,CafeDaze,185.0,320.0,2025-06-21,,,
Cappuccino Base,RoastRich,175.0,310.0,2025-06-20,,,
Mocha Base,BrewFusion,200.0,340.0,2025-06-25,,,
Chai Masala,SpiceMill,95.0,160.0,2025-06-22,,,
Filter Coffee,SouthBliss,100.0,170.0,2025-06-24,,,
Iced Tea Mix,ChillLeaf,85.0,145.0,2025-06-19,,,
Mango Smoothie Base,FruitRush,120.0,190.0,2025-06-18,,,
Berry Smoothie Base,BerryBlast,130.0,200.0,2025-06-22,,,
Protein Powder,FitFuel,140.0,220.0,2025-06-20,,,
Cold Brew Base,ChillBean,150.0,240.0,2025-06-25,,,
Sweetened Condensed Milk,SweetNest,60.0,100.0,2025-06-20,,,
Paneer Sandwich,DesiBites,55.0,95.0,2025-06-18,,,
Egg Puff,BakeZone,30.0,60.0,2025-06-21,,,
Veg Puff,BakeZone,25.0,50.0,2025-06-19,,,
Masala Fries,SnackHouse,40.0,70.0,2025-06-22,,,
Potato Wedges,SnackHouse,45.0,75.0,2025-06-23,,,
Peri Peri Fries,ZingySnacks,50.0,80.0,2025-06-21,,,
Lemonade Base,ZestyFizz,35.0,60.0,2025-06-19,,,
Cola,ThirstyBuzz,20.0,45.0,2025-06-20,,,
Soda,FreshFizz,15.0,40.0,2025-06-18,,,
Ginger Ale,FizzyRoot,22.0,50.0,2025-06-21,,,
Buttermilk,DesiDrink,18.0,35.0,2025-06-23,,,
Water Bottle,Aquapure,8.0,20.0,2025-06-19,,,
Samosa,BitesOfIndia,15.0,35.0,2025-06-20,,,
Kachori,BitesOfIndia,18.0,40.0,2025-06-21,,,
Spring Roll,ChingTales,22.0,45.0,2025-06-22,,,
Pasta Red Sauce,ItalianoBite,65.0,120.0,2025-06-23,,,
Pasta White Sauce,ItalianoBite,70.0,130.0,2025-06-24,,,
Garlic Bread,SliceCraft,30.0,55.0,2025-06-19,,,
Biryani,SpiceBowl,90.0,160.0,2025-06-25,,,
Curd Rice,SouthernTouch,45.0,85.0,2025-06-20,,,
Poha,MorningFlare,35.0,70.0,2025-06-18,,,
Upma,BreakyBite,38.0,75.0,2025-06-19,,,
Idli,SouthDelight,30.0,60.0,2025-06-22,,,
Dosa Batter,HomeTiffins,40.0,70.0,2025-06-24,,,
Chutney,ChilliChatni,15.0,40.0,2025-06-21,,,
Sambar,HotnTangy,35.0,60.0,2025-06-22,,,
Rasam,HotnTangy,28.0,55.0,2025-06-23,,,
Cutlery Set,QuickServe,5.0,10.0,2025-06-20,,,
Tray,QuickServe,10.0,18.0,2025-06-18,,,
Tissue Roll,CleanCafe,15.0,30.0,2025-06-21,,,
Cleaner Spray,Sanito,40.0,70.0,2025-06-19,,,
Mop Refill,Swachh,25.0,45.0,2025-06-20,,,
Table Cloth,Decora,90.0,150.0,2025-06-22,,,
Milk Powder,DairyBest,180.0,200.0,2025-07-01,,,
Choco Chips,DelightFoods,135.0,150.0,2025-06-28,,,
Tea Leaves,GreenGold,230.0,250.0,2025-07-05,,,
Vanilla Essence,EssenceMart,255.0,300.0,2025-06-30,,,
Cocoa Powder,ChocoFarm,270.0,310.0,2025-07-03,,,
